ISIN	ifund_name_chinese
LU0107464264	安本標準 - 科技股票基金 A類 Acc 美元
LU0094541447	安本標準 - 歐洲股票基金 A2類 Acc 歐元
LU0011963831	安本標準 - 北美股票基金 A2 類 Acc 美元
LU0011963674	安本標準 - 日本股票基金 A類 Acc 日圓
LU0132414144	安本標準 - 新興市場債券基金 A2類 Acc 美元
LU0011963245	安本標準 - 亞太股票基金 A類 Acc 美元
LU0132412106	安本環球 - 新興市場股票基金 A2類 Acc 美元
LU0011963328	安本標準 - 澳洲股票基金A2 類Acc澳元
LU0231459107	安本標準 - 亞洲小型公司基金 A類 Acc 美元
LU0231483743	安本標準 - 中國股票基金 A類 Acc 美元
LU0231490524	安本標準 - 印度股票基金 A類 Acc 美元
LU0231460295	安本標準 - 中國股票基金 A類 Acc 英鎊
LU0231462077	安本標準 - 印度股票基金 A類 Acc 英鎊
LU0231455378	安本標準 - 亞太股票基金 A類 Acc 英鎊
LU0231457747	安本標準 - 科技股票基金 A類 Acc 英鎊
LU0231459958	安本標準 - 亞洲小型公司基金 A類 Acc 英鎊
LU0278937759	安本標準 - 新興市場小型公司基金 A2類 Acc 美元
LU0094547139	安本標準 - 世界股票基金 A2類 Acc 美元
LU0396314238	安本標準 - 拉丁美洲股票基金 A類 Acc 美元
LU0094548533	安本標準 - 亞洲當地貨幣短期債券基金 A類 Acc 美元
LU0278936439	安本標準 - 日本小型公司基金 A2類 Acc 日圓
LU0231454991	安本標準 - 北美股票基金 D2 類 Acc 英鎊
LU0396313180	安本標準 - 亞洲地產股票基金 A2 類Acc 美元
LU0505664713	安本標準 - 東歐股票基金 A2類 Acc 歐元
LU0505661966	安本標準 - 歐洲股息基金A2 類Acc 歐元
LU0505663152	安本標準 - 世界資源股票基金 A2類 Acc 美元
LU0278933410	安本標準 - 日本小型公司基金 D2類 Acc 英鎊
LU0278932362	安本標準 - 新興市場小型公司基金 D2類 Acc 英鎊
LU0119176310	安本標準 - 歐元高收益債券基金 A類 Acc 歐元
LU0011963757	安本標準 - 英國股票基金 A2類 Acc 英鎊
LU0912262788	安本標準 - 日本股票基金 A類 Acc 美元(對沖)
LU0941570995	安本標準 - 日本小型公司基金 A2類 Acc 美元(對沖)
LU0728926402	安本標準 - 巴西股票基金 A2類 Acc 美元
LU0566484027	安本標準 - 北美小型公司基金 A類 Acc 美元
LU1124234946	安本標準 - 多元化收益基金 A類 Acc 美元
LU1124234862	安本標準 - 多元化收益基金 A類 MDis 美元
HK0000065166	東亞聯豐港元債券基金 R類 港元
HK0000107257	東亞聯豐亞太區多元收益基金 A類 Dis 美元
HK0000107265	東亞聯豐亞太區多元收益基金 A類 Dis 港元
HK0000194255	東亞聯豐亞太區多元收益基金 A類 Dis 人民幣 對沖
HK0000065216	東亞聯豐亞洲債券及貨幣基金 A類 Dis 美元
HK0000081361	東亞聯豐亞洲債券及貨幣基金 H類 Dis 港元
HK0000074176	東亞聯豐中國A股股票基金 A類 美元
HK0000141801	東亞聯豐中國鳳凰基金 A類 美元
HK0000176732	東亞聯豐人民幣核心債券基金 A類 Inc 人民幣
HK0000176740	東亞聯豐人民幣核心債券基金 A類 Inc 港元
HK0000224201	東亞聯豐亞太區靈活配置基金 A類 MDis 美元
HK0000224227	東亞聯豐亞太區靈活配置基金 A類 Dis 澳元 (對沖)
HK0000065125	東亞聯豐香港增長基金 R 類 港元
HK0000288032	東亞聯豐中國高收益入息基金 A類 Dis 美元
HK0000288040	東亞聯豐中國高收益入息基金 A類 Dis 港元
HK0000288065	東亞聯豐中國高收益入息基金 A類 Dis 人民幣 對沖
HK0000288057	東亞聯豐中國高收益入息基金 A類 Dis 澳元 對沖
HK0000257433	東亞聯豐中國滙通基金 A類 Dis 港元
HK0000257441	東亞聯豐中國滙通基金 A類 Dis 美元
HK0000257458	東亞聯豐中國滙通基金 A類 Acc 美元
HK0000375474	東亞聯豐中國滙通基金 A類 Dis 澳元 (對沖)
HK0000375482	東亞聯豐中國滙通基金 A類 Dis 人民幣 (對沖)
HK0000464054	東亞聯豐亞洲債券目標年期基金2022 A類 Dis 港元
HK0000065208	東亞聯豐亞洲債券及貨幣基金 A類 Acc 美元
GB0000796242	霸菱歐洲精選基金 A類 Inc 英鎊
IE0000835953	霸菱成熟及新興市場高收益債券基金 A類 Inc 美元
IE0000829568	霸菱國際債券基金 A類 Inc 美元
IE0000828933	霸菱拉丁美洲基金 A類 Inc 美元
IE0000830459	霸菱美元儲備基金 A類 Acc 美元
IE0000829121	霸菱歐洲基金A類 Inc 美元
IE0000838189	霸菱韓國聯接基金 A類 Acc 美元
IE0000805634	霸菱東歐基金A類 Inc 美元
GB0000840719	霸菱韓國基金 Acc 英鎊
IE0004866772	霸菱歐洲基金A類 Inc 歐元
IE0004852103	霸菱東歐基金A類 Inc 歐元
IE0030016244	霸菱環球領先基金 A類 Inc 美元
IE0000830129	霸菱亞洲增長基金 A類 Inc 美元
IE0004851352	霸菱環球資源基金A類 Inc 歐元
IE0000931182	霸菱環球資源基金A類 Inc 美元
IE0000838304	霸菱全球新興市場基金 A類 Inc 美元
IE0000829238	霸菱香港中國基金 A類 Inc 美元
GB0030655780	霸菱歐洲精選基金 A類 Inc 歐元
IE0032158457	霸菱成熟及新興市場高收益債券基金 A類 Inc 美元 (MDis)
IE0004851808	霸菱成熟及新興市場高收益債券基金 A類 Inc 歐元
IE0004851022	霸菱拉丁美洲基金 A類 Inc 歐元
IE0033156484	霸菱成熟及新興市場高收益債券基金 A類 Inc 英鎊 (對沖)
IE0000829451	霸菱澳洲基金 A類 Inc 美元
GB0000822576	霸菱德國增長基金 Acc 英鎊
IE0004866889	霸菱香港中國基金 A類 Inc 歐元
GB0000804335	霸菱歐洲增長基金 Inc 英鎊
IE0030165983	霸菱傾亞均衡基金A類 Acc 美元
IE0004868604	霸菱亞洲增長基金 A類 Inc 歐元
IE0000830236	霸菱大東協基金 A類 Inc 美元
GB0000799923	霸菱東方明珠基金 Acc 英鎊
IE0004850503	霸菱全球新興市場基金 A類 Inc 歐元
IE0004866996	霸菱國際債券基金 A類 Inc 歐元
IE00B2NG2T18	霸菱中國精選基金 A類 Inc 美元
IE0004866665	霸菱澳洲基金 A類 Inc 歐元
IE00B3YQ9180	霸菱澳洲基金 A類 Inc 澳元
IE0004868828	霸菱大東協基金 A類 Inc 歐元
IE00B4YN5X00	霸菱香港中國基金 A類 Inc 港元
IE00B62P4Q86	霸菱成熟及新興市場高收益債券基金 A類 Inc 港元 (MDis)
IE00B237VG42	霸菱傾亞均衡基金A類 Inc 美元
GB0008192063	霸菱德國增長基金 Acc 歐元
IE0030016467	霸菱環球領先基金 A類 Inc 英鎊
GB00B3B9VC56	霸菱環球農業基金A 類Acc 美元
GB00B3B9V927	霸菱環球農業基金A 類Acc 英鎊
IE00BFDTF255	霸菱大東協基金 A類 Acc 澳元 (對沖)
IE00B881PF08	霸菱成熟及新興市場高收益債券基金 A類 MDis 澳元 (對沖)
GB00BXVMKV60	霸菱德國增長基金 Acc 美元 (對沖)
HK0000245693	霸菱環球多元收益基金 A類 Dis 美元
HK0000245685	霸菱環球多元收益基金 A類 Acc 美元
HK0000245677	霸菱環球多元收益基金 A類 Dis 港元
HK0000245669	霸菱環球多元收益基金 A類 Acc 港元
HK0000245719	霸菱環球多元收益基金 A類 Dis 人民幣 對沖
HK0000245701	霸菱環球多元收益基金 A類 Acc 人民幣 對沖
GB00BF2H6H20	霸菱歐洲精選基金 A類 Acc 美元
IE00BFM0MP15	霸菱環球高收益債券基金 G類 Acc 美元
IE00BFM0MQ22	霸菱環球高收益債券基金 G類 Dis 美元
IE00BFM0MX98	霸菱環球高收益債券基金 G類 Dis 澳元
IE00BFM0L103	霸菱環球高級抵押債券基金 G類 Acc 美元
IE00BFM0L210	霸菱環球高級抵押債券基金 G類 Dis 美元
IE00BFM0L764	霸菱環球高級抵押債券基金 G類 Acc 澳元
IE00BFM0L871	霸菱環球高級抵押債券基金 G類 Dis 澳元
HK0000098829	華夏精選人民幣債券基金 A類 Dis 人民幣
LU0531876844	華夏中國機會基金 A類 Acc 美元
HK0000439627	華夏精選固定收益配置基金A HKD Acc
HK0000439601	華夏精選固定收益配置基金A USD Acc
HK0000301942	華夏精選亞洲債券基金A USD Acc
LU0455925619	Alquity 非洲基金 A類 Acc 美元
LU1049765578	Alquity 拉丁美洲基金 A類 Acc 美元
LU1049766626	Alquity 亞洲基金 A類 Acc 美元
LU1049767863	Alquity 印度次大陸基金 A類 Acc 美元
CNE1000026R9	建信雙息紅利債券型證券投資基金 H類 Dis 人民幣
CNE1000026Q1	建信優選成長混合型證券投資基金 H類 Dis 人民幣
LU0048573645	富達基金 - 東協基金 A類 Dis 美元
LU0048575426	富達基金 - 新興市場基金 A類 Dis 美元
LU0061175625	富達基金 - 歐洲小型公司基金 A類 Dis 歐元
LU0048580855	富達基金 - 大中華基金 A類 Dis 美元
LU0048585144	富達基金 - 日本基金A類日圓
LU0048587603	富達基金 - 日本小型公司基金 A類 Dis 日圓
LU0048588080	富達基金 - 北歐基金A類瑞典克朗
LU0048597586	富達基金 - 亞洲焦點 A類 Dis 美元
LU0048621477	富達基金 - 泰國基金 A類 Dis 美元
LU0054237671	富達基金 - 亞洲特別機會基金A類美元
LU0048584097	富達基金 - 國際基金 A類 Dis 美元
LU0048578792	富達基金 - 歐洲增長基金 A類 Dis 歐元
LU0048579097	富達基金- 歐元債券基金A類歐元
LU0055114457	富達基金 - 印尼基金 A類 Dis 美元
LU0048622798	富達基金 - 美元債券基金 A類 Dis 美元
LU0050427557	富達基金 - 拉丁美洲基金 A類 Dis 美元
LU0048587868	富達基金 - 馬來西亞基金 A類 Dis 美元
LU0048580004	富達基金 - 德國基金 A類 歐元
LU0048588163	富達基金 - 新加坡基金A類美元
LU0075458603	富達基金 - 臺灣基金 A類 Dis 美元
LU0099575291	富達基金  -環球電訊基金A類歐元
LU0099574567	富達基金 - 環球科技基金 A類 歐元
LU0077335932	富達基金 - 美國增長基金 A類 Dis 美元
LU0088814487	富達基金- 歐元藍籌基金 A類 歐元
LU0048574536	富達基金 - 澳洲基金 A類 Dis 澳元
LU0114720955	富達基金 - 環球健康護理基金 A類 Dis 歐元
LU0114722498	富達基金 - 環球金融服務基金 A類 Dis 歐元
LU0114721508	富達基金 - 環球消費行業基金 A類 歐元
LU0048579410	富達基金- 法國基金A類歐元
LU0069449576	富達基金- 世界基金 A類 歐元
LU0064963852	富達基金 - 美元現金基金 A類 Dis 美元
LU0049112450	富達基金 - 太平洋基金 A類 Dis 美元
LU0048620586	富達基金 - 靈活債券基金 A類 英鎊
LU0048573561	富達基金 - 美國基金 A類 Dis 美元
LU0110060430	富達基金 - 歐洲高收益基金A類歐元
LU0064964074	富達基金 - 歐元現金基金 A類 Dis 歐元
LU0138981039	富達基金 - 環球「息」增長基金A類美元
LU0048582984	富達基金 - 環球債券基金 A類 Dis 美元
LU0161332480	富達基金 - 日本領先基金 A類 Dis 日圓
LU0119124781	富達基金 - 歐洲動力增長基金 A類 Dis 歐元
LU0173614495	富達基金 - 中國焦點基金 A類 Dis 美元
LU0205439572	富達基金 - 亞太股息基金 A類 Dis 美元
LU0197229882	富達基金 - 印度焦點基金 A類 Dis 美元
LU0119124278	富達基金 - 歐洲大型公司基金 A類 歐元
LU0052588471	富達基金 - 歐元均衡基金 A類 歐元
LU0114722902	富達基金 - 環球工業基金 A類 Dis 歐元
LU0132282301	富達基金 - 美元高收益基金 A類 Dis 美元
LU0054754816	富達基金 - 瑞士基金 A類 瑞士法郎
LU0238205958	富達基金 - 新興市場債券基金 A類 Acc 美元
LU0238205289	富達基金 - 新興市場債券基金 A類 Acc 歐元
LU0048581077	富達基金 - 西班牙/葡萄牙基金 A類 歐元
LU0069450319	富達基金 - 歐盟50TM基金 A類 歐元
LU0237698914	富達基金 - 環球房地產基金 A類 Acc 美元
LU0303823156	富達基金 - 新興「歐非中東」基金 A類 Acc 美元
LU0261947096	富達基金 - 亞洲焦點 A類 Acc 美元
LU0303816705	富達基金 - 新興「歐非中東」基金 A類 Acc 歐元
LU0261946445	富達基金 - 亞洲焦點 A類 Acc 歐元
LU0261950470	富達基金 - 新興市場基金 A類 Acc 美元
LU0261946288	富達基金 - 環球債券基金 A類 Acc 美元
LU0329678337	富達基金 - 新興亞洲基金 A類 Acc 美元
LU0353648891	富達基金 - 環球通脹連繫債券基金 A類 Acc 美元
LU0168057262	富達基金 - 美元高收益基金 A類 MDis 美元
LU0318931192	富達基金 - 中國焦點基金 A類 Acc 歐元
LU0251130802	富達基金 - 歐洲高收益基金A類Acc歐元
LU0353649279	富達基金 - 環球通脹連繫債券基金 A類 Acc 歐元 (對沖)
LU0261952419	富達基金 - 環球健康護理基金 A類 Acc 歐元
LU0197230542	富達基金 - 印度焦點基金 A類 Dis 歐元
LU0286668453	富達基金 - 亞洲高收益基金 A類 Acc 美元
LU0303816028	富達基金 - 新興「歐非中東」基金 A類 Dis 歐元
LU0261945553	富達基金 - 東協基金 A類 Acc 美元
LU0286669428	富達基金 - 亞洲高收益基金 A類 MDis 美元
LU0329678410	富達基金 - 新興亞洲基金 A類 Acc 歐元
LU0251131958	富達基金 - 美國基金 A類 Acc 美元
LU0390710027	富達基金 - 環球短期債券基金 A類 Acc 美元
LU0882574139	富達基金 - 環球消費行業基金 A類 Acc 美元
LU0772969993	富達基金 – 環球股息基金 A類 Acc 美元
LU0731783048	富達基金 – 環球股息基金 A類 MInc 美元
LU0742537680	富達基金 – 環球股息基金 A類 MInc 港元
LU0237698757	富達基金 - 環球房地產基金 A類 Acc 歐元
LU0702159699	富達基金 - 亞洲小型公司基金 A類 Acc 美元
LU0370787193	富達基金 - 歐元企業債券基金 A類 Acc 歐元
LU0353647653	富達基金 - 歐洲股息基金 A類 Dis 歐元
LU0157922724	富達基金 - 環球焦點基金 A類 歐元
LU0157215616	富達基金 - 環球焦點基金 A類 美元
LU0267387255	富達基金 - 環球機遇基金 A類 Acc 歐元
LU0267386448	富達基金 - 環球機遇基金 A類 美元
LU0048621717	富達基金 - 英國基金 A類 Dis 英鎊
LU0261952922	富達基金 - 美元現金基金 A 類 Acc 美元
LU0882574055	富達基金 - 環球健康護理基金 A類 Acc 美元
LU0261952682	富達基金 - 歐盟50TM基金 A類 Acc 歐元
LU0261948227	富達基金 - 德國基金 A類 Acc 歐元
LU0882574212	富達基金 - 歐洲高收益基金A類MDis 美元(對沖)
LU0997586606	富達基金 - 歐洲增長基金 A類 Acc 美元 (對沖)
LU0997587240	富達基金 - 歐洲股息基金 A類 MDis 美元 (對沖)
LU0963029086	富達基金 - 美國基金 A類 Acc 澳元(對沖)
LU1046420805	富達基金 - 歐洲股息基金 A類 HMDIST(G) 澳元 (對沖)
LU0997586788	富達基金 - 歐洲小型公司基金 A類 Acc 美元 (對沖)
LU0971096721	富達基金 - 環球金融服務基金 A類 Dis 美元
HK0000423837	BMO 綜合平衡基金 (A類美元累算)
HK0000423845	BMO 綜合平衡基金 (A類美元每月分派)
HK0000423852	BMO 綜合平衡基金 (A類港元每月分派)
LU0125727601	安盛環球基金-泛靈頓歐洲增長 A類 Acc 歐元
LU0216734045	安盛環球基金-泛靈頓歐洲房地產 A類 Acc 歐元
LU0266012318	安盛環球基金-泛靈頓環球房地產 A類 Acc 美元
LU1196529876	安盛環球基金 - 亞洲短期債券 A Acc 美元
LU1774149642	安盛環球基金 - 亞洲短期債券 A MDis 美元
LU1042830981	安盛環球基金-泛靈頓歐洲房地產 A類 Acc 美元(對沖)
LU1105446931	安盛環球基金-泛靈頓歐洲房地產 A類 QDis 美元(對沖)
LU1105447079	安盛環球基金-泛靈頓歐洲房地產 A類 QDis 港元(對沖)
LU0502904849	富達基金 - 中國縱橫基金 A類 Acc 港元
LU0532244745	富達基金 - 亞洲高收益基金 A類 MDis 港元
LU0238206170	富達基金 - 新興市場債券基金 A類 MDis 美元
LU0605520377	富達基金 - 美元高收益基金 A類 Acc 美元
LU0532245395	富達基金 - 美元高收益基金 A類 MInc 港元
LU0594300179	富達基金 - 中國消費動力基金 A類 Acc 美元
LU0261959422	富達基金 - 歐洲動力增長基金 A類 Acc 歐元
LU0168053600	富達基金 - 歐洲高收益基金A類MDis 歐元
LU1046421878	富達基金 - 德國基金 A類 Acc 美元(對沖)
LU1046420474	富達基金 - 東協基金 A類 Acc 澳元 (對沖)
LU1046420714	富達基金 - 亞太股息基金 A類 MDis 澳元 (對沖)
LU1046420557	富達基金 - 太平洋基金 A類 Acc 澳元 (對沖)
LU1046421795	富達基金 - 環球科技基金 A類 Acc 美元
LU0605512275	富達基金 - 亞洲債券基金 A類 Acc 美元
LU0605512432	富達基金 - 亞洲債券基金 A類 MDis 美元
LU1371569200	富達基金 - 亞洲債券基金 A類 MINCOME(G) 美元
LU1371569465	富達基金 - 亞洲債券基金 A類 MINCOME(G) 港元
LU1371569549	富達基金 - 亞洲債券基金 A類 HMDIST(G) 澳元 (對沖)
LU0882574303	富達基金 - 環球收益基金 A類 Acc 美元
LU0882574568	富達基金 - 環球收益基金 A類 MINCOME(G)<U+00A0>美元
LU0997587323	富達基金 - 環球收益基金 A類<U+00A0>MINCOME(G)<U+00A0>美元 (對沖)
LU1481012216	富達基金 - 環球收益基金 A類<U+00A0>MINCOME(G) 港元 (對沖)
LU1816631466	富達基金 - 環球收益基金 A類<U+00A0> HMDIST(G)<U+00A0>澳元 (對沖)
LU0905233846	富達基金 - 環球多元收益基金 A類 Acc 美元
LU0905234141	富達基金 - 環球多元收益基金 A類 MINCOME(G) 美元
LU0905234497	富達基金 - 環球多元收益基金 A類 MINCOME(G) 港元
LU0982800228	富達基金 - 環球多元收益基金 A類 MINCOME(G) 澳元 (對沖)
LU1046420987	富達基金 - 環球多元收益基金 A類 HMDIST(G) 澳元 (對沖)
LU0905234067	富達基金 - 環球多元收益基金 A類 Acc 港元
LU1313547462	富達基金 - 中國高收益基金 A類 Acc 美元
LU1345481698	富達基金 - 中國高收益基金 A類 MINCOME(G) 美元 (對沖)
LU1345481854	富達基金 - 中國高收益基金 A類 MINCOME(G) 港元 (對沖)
LU1345482316	富達基金 - 中國高收益基金 A類 HMDIST(G) 澳元 (對沖)
LU0088927925	駿利亨德森遠見泛歐地產股票基金 A2類 Acc 歐元
LU0229494975	駿利亨德森遠見亞太地產股票基金 A2類 Acc 美元
LU0011890265	亨德森遠見日本小型公司基金 A2類 Acc 美元
LU0209137388	駿利亨德森遠見環球地產股票基金 A2類 Acc 美元
LU0011889846	駿利亨德森遠見歐元領域基金 A2類 Acc 歐元
LU0046217351	駿利亨德森遠見泛歐小型公司基金 A2類 Acc 歐元
LU0011889929	亨德森遠見日本機會基金 A2類 Acc 美元
LU0209156925	駿利亨德森遠見泛歐地產股票基金 A3類 Inc 歐元
LU0229494629	駿利亨德森遠見亞太地產股票基金 A1類 Inc 美元
LU0138821268	駿利亨德森遠見泛歐股票基金 A2類 Acc 歐元
LU0572942307	駿利亨德森遠見亞太地產股票基金 A2類 Acc 歐元
LU0264606111	駿利亨德森遠見亞洲股票收益基金 A2類 Acc 美元
LU0264605907	駿利亨德森遠見亞洲股票收益基金 A1類 Inc 美元
LU0011890851	駿利亨德森遠見亞洲增長基金 A2類 Acc 美元
LU0070992663	駿利亨德森遠見環球科技基金 A2類 Acc 美元
LU0327786744	亨德森遠見中國躍升基金 A2類 Acc 美元
LU0327786827	亨德森遠見中國躍升基金 A1 Inc 美元
LU0572944774	亨德森遠見中國躍升基金 A2類 Acc 歐元
LU0622223799	駿利亨德森遠見亞洲增長基金 A2類 Acc 歐元
LU0209157733	駿利亨德森遠見泛歐股票基金 A1類 Inc 歐元
LU0976556935	亨德森遠見日本小型公司基金 A2類 美元 (對沖)
HK0000204534	弘收人民幣債券基金 2A Acc USD
HK0000204559	弘收人民幣債券基金 2B Acc RMB
HK0000421419	弘收高收益波幅管理債券基金 2A 累積（美元）
HK0000421435	弘收高收益波幅管理債券基金 2B 累積（人民幣）
LU0028119526	景順日本小型企業基金 A類 Acc 日圓
LU0028118809	景順泛歐洲基金 A類 Acc 歐元
LU0028119013	景順全歐洲企業基金 A類 Acc 歐元
LU0123357419	景順能源基金 A類 Acc 美元
LU0367026217	景順亞洲平衡基金 A類 Acc 美元
LU0028120375	景順新興歐洲股票基金 A類 Acc 美元
LU0267985231	景順泛歐洲基金 A類 Dis 歐元
LU0267985660	景順英國高質債券基金 A類 Dis 英鎊
LU0267983889	景順印度股票基金 A類 Dis 美元
LU0823038988	東方匯理系列基金亞洲智選基金 A2U類 Acc 美元
LU0839533063	東方匯理系列基金環球債券基金 A2U類 Acc 美元
LU0823038715	東方匯理系列基金 - 東協焦點市場基金 A2U類 Acc 美元
LU0823045413	東方匯理系列基金印度基金A2U類 Acc 美元
LU0823046494	東方匯理系列基金 - 拉丁美洲股票基金  A2U類 Acc 美元
LU0823040885	東方匯理系列基金 - 新興市場內需基金 A2U類 Acc 美元
LU0823042071	東方匯理系列基金 - 環球農業基金 A2U類 Acc 美元
LU0568620560	東方匯理系列基金歐元貨幣市場基金 AE類 Acc 歐元
LU0568621618	東方匯理系列基金美元貨幣市場基金 AU類 Acc 美元
LU0839533220	東方匯理系列基金環球債券基金 A2U類 Dis 美元
LU0823039010	東方匯理系列基金亞洲智選基金 A2U類 Dis 美元
LU0823047385	東方匯理系列基金中東北非基金A2U類 Acc 美元
LU0028121183	景順美元極短期債券基金 A類 Acc 美元
LU0075112721	景順亞洲機遇股票基金 A類 Acc 美元
LU0048816135	景順大中華基金 A類 Acc 美元
LU0052864419	景順消閒基金 A類 Acc 美元
LU0149503202	景順美國藍籌指標增值基金 A類 Acc 美元
LU0119750205	景順歐洲指標增值基金 A類 Acc 歐元
LU0275062247	景順新興貨幣債券基金 A類 Acc 美元
LU0334857355	景順亞洲富強基金 A類 Acc 美元
LU0367025839	景順天下地產收益基金 A類 Dis 美元
LU0367024519	景順能源基金 A類 Acc 歐元 (對沖)
LU0505655562	景順金礦基金 A類 Acc 美元
LU0503256017	景順拉丁美洲股票基金A類 Acc 歐元 (對沖)
LU0505656297	景順拉丁美洲股票基金A類 Acc 美元
LU0275062080	景順新興貨幣債券基金 A類 MDis 美元
LU0100597557	景順美元極短期債券基金 C類 Acc 美元
LU0607514717	景順日本股票優勢基金 A類 Acc 日圓
LU0607522496	景順日本小型企業基金 A類 Dis 美元
LU0607513826	景順美國價值股票基金 A類 Acc 美元
LU0717748643	景順中國智選股票基金 A類 Acc 美元
LU0334858593	景順泛歐洲基金 A類 Dis 美元
LU0794788140	景順美國高收益債券基金 A類 MDis 港元
LU0794788066	景順美國高收益債券基金 A類 MDis(Fixed) 美元
LU0794787928	景順美國高收益債券基金 A類 Dis 歐元 (對沖)
LU0794787845	景順美國高收益債券基金 A類 Acc 歐元 (對沖)
LU0794787761	景順美國高收益債券基金 A類 Acc 美元
LU0717748213	景順亞洲債券基金 A類 Acc 美元
LU0607516688	景順新興市場企業債券基金 A類 Acc 美元
LU0607516332	景順新興市場企業債券基金 A類 MD 美元
LU0243957825	景順歐洲企業債券基金 A類 Acc 歐元
LU0248037169	景順歐洲企業債券基金 A類 MD 歐元
LU0607513230	景順環球股票收益基金 A類 Acc 美元
LU0607512778	景順已發展國家中小型企業基金 A類 Acc 美元
LU0267984937	景順環球指標增值基金 A類 Dis 美元
LU0607515367	景順日本價值股票基金 A類 Acc 日圓
LU0267986122	景順泛歐洲股票收益基金 A類 Acc 歐元
LU0243957239	景順泛歐洲收益策略基金 A類 Acc 歐元
LU1075211356	景順歐洲指標增值基金 A類 Acc 美元 (對沖)
LU1097691858	景順全歐洲企業基金 A類 Acc 美元 (對沖)
HK0000395928	景順一帶一路債券基金 A類 MDis 港元
HK0000395894	景順一帶一路債券基金 A類 Acc 美元
HK0000395902	景順一帶一路債券基金 A類 MDis 美元
LU1775947333	景順東協基金 A類 Dis 美元
LU1775951525	景順亞洲動力基金 A類 Dis 美元
LU1775961243	景順歐洲大陸企業基金 A類 Dis 美元
LU1775952507	景順開發中市場基金 A類 Dis 美元
LU1775982595	景順健康護理基金 A類 Dis 美元
LU1775975201	景順環球企業基金 A類 Dis 美元
LU0794789627	景順美國股票基金 A類 Dis 美元
LU1489827839	景順日本股息增長基金 A類 AD 美元
LU1775958025	景順韓國基金 A類 Dis 美元
LU1775965582	景順中國基金 A類 Dis 美元
LU1775964932	景順中國基金 A類 Acc 歐元 (對沖)
LU1775955278	景順新興市場債券基金 A類 MDis 美元
LU1775955435	景順新興市場債券基金 A類 MDis 港元
LU1775955864	景順新興市場債券基金 A類 SDis 美元
LU1775968685	景順環球高收益債券基金 A類 MDis 港元
LU1775969659	景順環球高收益債券基金 A類 Dis 美元
LU0085394566	宏利環球基金 - 新興東歐基金 A類 Dis 美元
LU0011869814	宏利環球基金 - 日本增長基金 A類 Dis 美元
LU0085394640	宏利環球基金 - 中華威力基金 A類 Dis 美元
LU0196878994	宏利環球基金 - 中華威力基金 AA類 Dis 美元
LU0196876865	宏利環球基金 - 新興東歐基金 AA類 Dis 美元
LU0011869731	宏利環球基金 - 歐洲增長基金 A類 Dis 美元
LU0274383263	宏利環球基金 - 印度股票基金 AA類 Acc 美元
LU0314103473	宏利環球基金 - 土耳其股票基金 AA類  Dis 美元
LU0278409577	宏利環球基金 - 環球資源基金 AA類 Acc 美元
LU0278409734	宏利環球基金 - 臺灣股票基金 AA類 Dis 美元
LU0274383776	宏利環球基金 - 美國小型公司基金 AA類 Acc 美元
LU0274383693	宏利環球基金 - 拉丁美洲股票基金 AA類 Dis 美元
LU0278409817	宏利環球基金 - 美國債券基金 AA類 Dis 美元
LU0386017924	宏利環球基金 - 亞洲威力派息股票基金 AA類 Dis 美元
LU0278410153	宏利環球基金 - 美國特別機會基金 AA類 Dis 美元
KYG5800M1050	宏利盈進基金SPC - 中國A股獨立資產組合 AA類 Acc 美元
KYG5800M1399	宏利盈進基金SPC - 人民幣債券獨立資產組合 AA類 Acc 美元
LU0314109678	宏利環球基金 - 巨龍增長基金 AA類 Dis 港元
LU0274383008	宏利環球基金 - 亞洲小型公司基金 AA類 Dis 美元
LU0507748050	宏利環球基金 - 亞洲總回報基金 AA類 Inc 美元
LU0314104364	宏利環球基金 - 美洲增長基金 AA類 Acc 美元
LU0314105171	宏利環球基金 - 亞洲股票基金 AA類 Dis 美元
LU0314106062	宏利環球基金 - 歐洲增長基金 AA類 Dis 美元
LU0278409221	宏利環球基金 - 環球房地產基金 AA類 Dis 美元
LU0357321016	宏利環球基金 - 康健護理基金 AA類 Acc 美元
LU0314106906	宏利環球基金 - 環球股票基金 AA類 Dis 美元
LU0314107540	宏利環球基金 - 日本增長基金 AA類 Dis 美元
LU0386018732	宏利環球基金 - 策略收益基金 AA類 Dis 美元
LU0011850392	貝萊德全球基金 - 新興歐洲基金 A2類 Acc 歐元
LU0047713382	貝萊德全球基金 - 新興市場基金 A2類 Acc 美元
LU0072463663	貝萊德全球基金 - 拉丁美洲基金 A2類 Acc 美元
LU0006061385	貝萊德全球基金 - 環球政府債券基金 A2類 Acc 美元
LU0050372472	貝萊德全球基金 - 歐元債券基金 A2 類Acc 歐元
LU0171280430	貝萊德全球基金 - 歐洲基金 A2類 Acc 美元
LU0171273575	貝萊德全球基金 - 新興歐洲基金 A2類 Acc 美元
LU0055631609	貝萊德全球基金 - 世界黃金基金 A2類 Acc 美元
LU0075056555	貝萊德全球基金 - 世界礦業基金 A2類 Acc 美元
LU0006061419	貝萊德全球基金 - 美元貨幣基金 A2類 Acc 美元
LU0006061252	貝萊德全球基金 - 日本中小型企業特別時機基金 A2類 Acc 美元
LU0035112944	貝萊德全球基金 - 太平洋股票基金 A2 類Acc 美元
LU0122376428	貝萊德全球基金 - 世界能源基金 A2類 Acc 美元
LU0171277485	貝萊德全球基金 - 歐元市場基金 A2 類 Acc 美元
LU0011850046	貝萊德全球基金 - 環球遠見股票基金 A2 類Acc 美元
LU0072462343	貝萊德全球基金 - 亞洲巨龍基金 A2類 Acc 美元
LU0171281750	貝萊德全球基金 - 歐洲價值型基金A2 類Acc 美元
LU0054578231	貝萊德全球基金 - 環球小型企業基金 A2 類美元
LU0171305526	貝萊德全球基金 - 世界黃金基金 A2類 Acc 歐元
LU0172157280	貝萊德全球基金 - 世界礦業基金 A2類 Acc 歐元
LU0046676465	貝萊德全球基金 - 美元高收益債券基金 A2類 Acc 美元
LU0056508442	貝萊德全球基金 - 世界科技基金 A2類 Acc 美元
LU0106831901	貝萊德全球基金 - 世界金融基金A2 類Acc 美元
LU0072462426	貝萊德全球基金 - 環球資產配置基金 A2類 Acc 美元
LU0122379950	貝萊德全球基金 - 世界健康科學基金 A2類 Acc 美元
LU0171284937	貝萊德全球基金 - 環球高收益債券基金 A2類 Acc 美元
LU0124384867	貝萊德全球基金 - 永續能源基金 A2類 Acc 美元
LU0432365988	貝萊德全球基金 - 歐元貨幣基金 A2類 Acc 歐元
LU0171283459	貝萊德全球基金 - 環球資產配置基金 A2類 Acc 歐元
LU0171301533	貝萊德全球基金 - 世界能源基金 A2類 Acc 歐元
LU0171275786	貝萊德全球基金 - 新興市場基金 A2類 Acc 歐元
LU0171289498	貝萊德全球基金 - 拉丁美洲基金 A2類 Acc 歐元
LU0200680600	貝萊德全球基金 - 新興市場債券基金 A2類 Acc 美元
LU0171289902	貝萊德全球基金 - 可持續能源基金 A2類 Acc 歐元
LU0171311680	貝萊德全球基金 - 世界科技基金 A2類 Acc 英鎊
LU0093503810	貝萊德全球基金 - 歐元短期債券基金A2 類Acc  歐元
LU0212924517	貝萊德全球基金 - 日本靈活股票基金A2 類Acc 美元
LU0248272758	貝萊德全球基金 - 印度基金 A2類 Acc 美元
LU0072461881	貝萊德全球基金 - 美國價值型基金 A2類 Acc 美元
LU0171279184	貝萊德全球基金 - 歐元債券基金 A2 類Acc 美元
LU0093504206	貝萊德全球基金 - 環球高收益債券基金 A2類 Acc 歐元 (對沖)
LU0224105477	貝萊德全球基金 - 歐陸靈活股票基金A2 類Acc  歐元
LU0011846440	貝萊德全球基金 - 歐洲基金 A2類 Acc 歐元
LU0171276677	貝萊德全球基金 - 歐洲特別時機基金 A2類 Acc 美元
LU0063729296	貝萊德全球基金 - 亞洲老虎債券基金 A2類 Acc 美元
LU0184696937	貝萊德全球基金 - 世界債券基金 A2類 Acc 美元
LU0171289738	貝萊德全球基金 - 拉丁美洲基金 A2類 Acc 英鎊
LU0359201612	貝萊德全球基金 - 中國基金 A2類 Acc 美元
LU0238689110	貝萊德全球基金 - 環球動力股票基金A2 類Acc 美元
LU0171304719	貝萊德全球基金 - 世界金融基金A2 類Acc  歐元
LU0278470058	貝萊德全球基金 - 新興市場本地貨幣債券基金 A2 類Acc 美元
LU0172419151	貝萊德全球基金 - 美元高收益債券基金 A3類 MDis 美元
LU0326422176	貝萊德全球基金 - 世界能源基金 A2類 Acc 歐元 (對沖)
LU0172393414	貝萊德全球基金 - 亞洲老虎債券基金 A3類 MDis 美元
LU0171310443	貝萊德全球基金 - 世界科技基金 A2類 Acc 歐元
LU0154236417	貝萊德全球基金 - 美國靈活股票基金A2 類Acc 美元
LU0385154629	貝萊德全球基金 - 營養科學基金 A2類 Acc 美元
LU0414403419	貝萊德全球基金 - 亞太股票入息基金 A2類 Acc 美元
LU0006061336	貝萊德全球基金 - 美國中小型企業特別時機基金 A2類 Acc 美元
LU0096258362	貝萊德全球基金 - 美元債券基金 A2類 Acc 美元
LU0248271941	貝萊德全球基金 - 印度基金 A2類 Acc 歐元
LU0097036916	貝萊德全球基金 - 美國增長型基金A2 類Acc 美元
LU0096258446	貝萊德全球基金 - 美國政府房貸債券基金 A2類 Acc 美元
LU0172418690	貝萊德全球基金 - 美國政府房貸債券基金 A3類 MDis 美元
LU0788109634	貝萊德全球基金 - 環球企業債券基金 A6類 MDis (Stable) 美元
LU0578942376	貝萊德全球基金 - 美元高收益債券基金 A3類 MDis 澳元 (對沖)
LU0249411835	貝萊德全球基金 - 日本中小型企業特別時機基金 A2類 Acc 日圓
LU0093502762	貝萊德全球基金 - 歐元市場基金 A2 類Acc  歐元
LU0072462186	貝萊德全球基金 - 歐洲價值型基金A2 類Acc  歐元
LU0249410860	貝萊德全球基金 - 日本靈活股票基金A2 類Acc 日元
LU0265550359	貝萊德全球基金 - 環球股票收益進昇基金A2 類Acc 美元
LU0011847091	貝萊德全球基金 - 英國基金 A2類Acc英鎊
LU0651946864	貝萊德全球基金 - 新興市場股票入息基金A2 類Acc 美元
LU0545039389	貝萊德全球基金 - 環球股票入息基金A2 類Acc 美元
LU0612318385	貝萊德全球基金 - 天然資源增長入息基金A2 類Acc 美元
LU0162658883	貝萊德全球基金 - 歐元企業債券基金A2 類Acc  歐元
LU0425308086	貝萊德全球基金 - 通脹掛?債券基金A2 類Acc 美元
LU0093503497	貝萊德全球基金 - ESG多元資產基金A2 類Acc  歐元
LU0784385840	貝萊德全球基金 - 環球多元資產入息基金A2 類Acc 美元
LU0278466700	貝萊德全球基金 - 環球債券特別時機基金A2 類Acc 美元
LU1003076939	貝萊德全球基金 - 環球債券特別時機基金A3 類Acc 美元
LU0171293334	貝萊德全球基金 - 英國基金 A2類Acc美元
LU0738912566	貝萊德全球基金 - 美元高收益債券基金 A6類 MDis 美元
LU0764618640	貝萊德全球基金 - 環球高收益債券基金 A6類 MDis 美元
LU0871640040	貝萊德全球基金 - 環球高收益債券基金 A8類 MDis 澳元 (對沖)
LU1023058172	貝萊德全球基金 - 世界能源基金 A2類 澳元(對沖)
LU0841155764	貝萊德全球基金 - 亞洲老虎債券基金 A3類澳元(對沖)
LU0871639620	貝萊德全球基金 - 亞洲老虎債券基金 A8類澳元(對沖)
LU1023057109	貝萊德全球基金 - 中國基金 A2類 澳元(對沖)
LU1023062109	貝萊德全球基金 - 歐洲特別時機基金 A2類 澳元 (對沖)
LU1023056804	貝萊德全球基金 - 亞洲巨龍基金 A2類 澳元 (對沖)
LU1023057877	貝萊德全球基金 - 拉丁美洲基金 A2類 澳元 (對沖)
LU0562822386	貝萊德全球基金 - 歐洲股票入息基金 A2類 Acc 歐元
LU0154234636	貝萊德全球基金 - 歐洲特別時機基金 A2類 Acc 歐元
LU0526926950	貝萊德全球基金 - 歐洲基金 A2類 美元 對沖
LU1564329032	貝萊德全球基金 - 動力高息基金 A2 USD
LU0496654236	貝萊德全球基金 - 亞洲老虎債券基金 A3類 MDis 港元 (對沖)
LU0784395997	貝萊德全球基金 - 亞洲老虎債券基金 A6類 MDis 港元 (對沖)
LU1133085917	貝萊德全球基金 - 環球多元資產入息基金 A6類 MDis 歐元 (對沖)
LU0111491469	法巴歐洲賞息股票基金 經典 Cap 歐元
LU0265266980	法巴巴西股票基金 經典 Cap 美元
LU0265267285	法巴巴西股票基金 經典 Dis 美元
LU0075933415	法巴拉丁美洲股票基金 經典 Cap 美元
LU0249332619	法巴全球通脹掛鈎債券基金 經典 Cap 歐元
LU0249332452	法巴全球通脹掛鈎債券基金 經典 Dis 歐元
LU0066794719	法巴歐元區中型企業股票基金 經典 Cap 歐元
LU0066794479	法巴歐元區中型企業股票基金 經典 Dis 歐元
LU0111491626	法巴歐洲賞息股票基金 經典 Dis 歐元
LU0823379622	法巴亞洲(日本除外)債券基金 經典 Cap 美元
LU0823413587	法巴全球新興市場股票基金經典 Cap 美元
LU0823389423	法巴全球新興市場優選債券基金經典 H Cap 歐元
LU0823431720	法巴俄羅斯股票基金經典 Cap 歐元
LU0823431563	法巴俄羅斯股票基金經典美元 Cap 美元
LU0823403190	法巴新興歐洲股票基金經典 Cap 美元
LU0823428932	法巴印度股票基金經典 Cap 美元
LU0823389852	法巴全球新興市場優選債券基金經典 Cap 美元
LU0823411888	法巴主要消費品創新股票基金經典 Cap 美元
LU0823411961	法巴主要消費品創新股票基金經典 Dis 歐元
LU0823426308	法巴中國股票基金經典 Cap 美元
LU0823388615	法巴全球高收益債券基金經典 經典 Cap 歐元
LU0823434583	法巴美國增長股票基金經典 Cap 美元
LU0154245756	法巴美國中型企業股票基金經典 Cap 美元
LU0823414478	法巴能源創新股票基金 經典 Cap 美元
LU0823414635	法巴能源創新股票基金 經典 Cap 歐元
LU0823421333	法巴資訊科技創新股票基金 經典 Cap 美元
LU0823421416	法巴資訊科技創新股票基金 經典 Dis 美元
LU0823431720	法巴俄羅斯股票基金經典 Cap 美元
LU0130103400	法盛（盧森堡）國際基金 I - 漢瑞斯全球股票基金 R/A類 Acc 美元
LU0147944259	法盛（盧森堡）國際基金 I - 漢瑞斯全球股票基金 R/A類 Acc 歐元
LU0389358952	法盛（盧森堡）國際基金 I - 漢瑞斯全球股票基金 R/A類 Acc 英鎊
LU0029874905	鄧普頓新興市場基金 A類 Dis 美元
LU0128525929	鄧普頓環球美元基金 A類 Acc 美元
LU0065014192	富蘭克林高息基金 A類 MDis 美元
LU0052767562	富蘭克林美元短期貨幣市場基金 A類 MDis 美元
LU0029872446	富蘭克林美國政府基金 A類 MDis 美元
LU0078277505	鄧普頓東歐基金 A類 Acc 歐元
LU0029865408	鄧普頓拉丁美洲基金 A類 Dis 美元
LU0029876355	鄧普頓新興市場債券基金 A類 QDis 美元
LU0152981543	鄧普頓環球債券基金 A類 MDis 歐元
LU0052750758	鄧普頓中國基金 A類 Acc 美元
LU0128522157	鄧普頓亞洲增長基金 A類 Acc 美元
LU0070302665	富蘭克林互惠美國價值基金 A類 Acc 美元
LU0109394709	富蘭克林生物科技新領域基金 A類 Acc 美元
LU0093666013	鄧普頓歐元區基金 A類 Acc 歐元
LU0029871042	鄧普頓環球債券基金 A類 MDis 美元
LU0109392836	富蘭克林科技基金 A類 Acc 美元
LU0098860793	富蘭克林入息基金 A類 MDis 美元
IE0032578035	富蘭克林浮動息率基金 A類 Dis 美元
LU0109981661	富蘭克林互惠歐洲基金 A類 Acc 美元
LU0109395268	富蘭克林歐元高息基金 A類 YDis 歐元
LU0029875118	鄧普頓亞洲增長基金 A類 Dis 美元
LU0128522744	鄧普頓新興市場基金 A類 Acc 美元
LU0128526141	鄧普頓環球小型公司基金 A Acc 美元
LU0052756011	鄧普頓環球均衡增長基金 A類 QDis 美元
LU0170475585	鄧普頓環球總收益基金 A類 MDis 美元
LU0029864427	鄧普頓環球美元基金 A類 Dis 美元
LU0211326755	鄧普頓環球入息基金 A類 Acc 美元
LU0128525689	鄧普頓環球均衡增長基金 A類 Acc 美元
LU0140363002	富蘭克林互惠歐洲基金 A類 Acc 歐元
LU0229945570	鄧普頓新興四強基金 A類 Acc 美元
LU0211331839	富蘭克林互惠環球探索基金 A類 Acc 美元
LU0170475312	鄧普頓環球總收益基金 A類 Acc 美元
LU0093669546	富蘭克林歐元政府債券基金 A類 YDis 歐元
LU0231793349	鄧普頓東歐基金 A類 Acc 美元
LU0211327993	鄧普頓環球股票入息基金 A類 Acc 美元
LU0229949994	鄧普頓亞洲債券基金 A類 Acc 美元
LU0229946628	鄧普頓新興四強基金 A類 Acc 歐元
LU0231203729	富蘭克林印度基金 A類 Acc 美元
LU0138075311	富蘭克林歐洲中小型公司增長基金 A類 Acc 歐元
LU0128526570	鄧普頓拉丁美洲基金 A類 Acc 美元
LU0300738514	鄧普頓新興市場小型公司基金 A類 Acc 美元
LU0260870661	鄧普頓環球總收益基金 A類 Acc 歐元
LU0252652382	鄧普頓環球債券基金 A類 Acc 美元
LU0294219869	鄧普頓環球債券基金 A類 Acc 歐元 (對沖1)
LU0352132103	富蘭克林中東北非基金 A類 Acc 美元
LU0229950067	鄧普頓亞洲債券基金 A類 MDis 美元
LU0229940001	鄧普頓亞洲增長基金 A類 Acc 歐元
LU0260871552	富蘭克林歐洲中小型公司增長基金 A類 Acc 美元
LU0476943963	鄧普頓環球總收益基金 A類 Acc 港元
LU0390135332	鄧普頓亞洲小型公司基金 A類 Acc 美元
LU0229948087	富蘭克林環球物業收益基金 A類 Acc 美元
LU0476943617	鄧普頓環球債券基金 A類 MDis 港元
LU0476943708	鄧普頓環球總收益基金 A類 MDis 港元
LU0109391861	富蘭克林美國機會基金 A類 Acc 美元
LU0441901922	鄧普頓新興市場債券基金 A類 MDis 美元
LU0543330483	鄧普頓亞洲增長基金 A類 Acc 港元
LU0543330566	鄧普頓新興四強基金 A類 Acc 港元
LU0608807433	鄧普頓新興市場動力入息基金
HK0000127438	鄧普頓中國機會基金 A類 Acc 美元
HK0000127776	鄧普頓中國機會基金 A類 Acc 港元
LU0708994347	鄧普頓新興市場債券基金 A類 MDis 港元
LU0352132285	富蘭克林中東北非基金 A類 Acc 歐元
LU0708995070	富蘭克林美國股票基金 A類 Acc 港元
LU0708994859	鄧普頓環球美元基金 A類 Acc 港元
LU0536402737	鄧普頓環球總收益基金 A類 MDis 澳元 (對沖)
HK0000283264	鄧普頓智選環球股票基金 A類 Acc 美元
HK0000283280	鄧普頓智選環球股票基金 A類 Acc H1-人民幣
HK0000283298	富蘭克林智選環球多元資產入息基金 A類 MDis 美元
HK0000283314	富蘭克林智選環球多元資產入息基金 A類 MDis H1-人民幣
CNE1000025B5	富蘭克林國海潛力組合混合型證券投資基金 H類-人民幣
HK0000283306	富蘭克林智選環球多元資產入息基金 A類 MDis 港元
HK0000283272	鄧普頓智選環球股票基金 A類 Acc 港元
LU0348825331	安聯中國股票基金 A類 Dis 美元
LU0348751388	安聯日本股票基金 - A類Dis美元
LU0348756692	安聯韓國股票基金 A類 Dis 美元
LU0348783233	安聯東方入息基金 A類 Dis 美元
LU0348798264	安聯泰國股票基金 A類 Dis 美元
LU0348735423	安聯香港股票基金 A類 Dis 美元
LU0348744763	安聯印尼股票基金 A類 Dis 美元
LU0348723411	安聯全球高成長科技基金 A類 Dis 美元
LU0348766576	安聯小龍基金 A類 Dis 美元
LU0348805143	安聯老虎基金 A類 Dis 美元
LU0348814723	安聯總回報亞洲股票基金 A類 Dis 美元
LU0348784397	安聯東方入息基金 AT類 Acc 美元
LU0348786921	安聯東方入息基金 P類 Dis 美元
LU0348767384	安聯小龍基金 AT類 Acc 美元
LU0348816934	安聯總回報亞洲股票基金 AT類 Acc 美元
LU0342689089	安聯環球農產品趨勢基金 AT類 Acc 美元
LU0342688198	安聯環球農產品趨勢基金 A類 Dis 歐元
LU0293314216	安聯全球新興市場高息股票基金 AT類 Acc 美元
LU0293313325	安聯全球新興市場高息股票基金 AT類 Acc 歐元
IE00B11XZ657	PIMCO 環球實質回報基金 E類 Acc 美元
IE00B11XZ988	PIMCO 總回報債券基金 E類 Acc 美元
IE00B2R34T20	PIMCO 環球投資級別債券基金 E類 Inc 美元 (QDis)
IE00B3K7XK29	PIMCO 環球投資級別債券基金 E類 Acc 美元
IE00B11XYX59	PIMCO 新興市場債券基金 E類 Acc 美元
IE00B193ML14	PIMCO 環球高孳息債券基金 E類 Inc 美元 (QDis)
LU0348788117	安聯新興亞洲股票基金A類 Dis 美元
IE00B0M2Y900	PIMCO 總回報債券基金 E類 Inc 美元 (QDis)
IE00B1D7YK27	PIMCO 多元化入息基金 E類 Acc 美元
LU0256863811	安聯美國股票基金 A類 Dis 美元
IE00B464Q616	PIMCO 新興亞洲債券基金 E類 Inc 美元 (MDis)
LU0674994412	安聯美元高收益基金 AT類 Acc 美元
LU0634319403	安聯香港股票基金 AT類 Acc 港元
IE00B193MK07	PIMCO 多元化入息基金 E類 Inc 美元
LU0516397667	安聯美元高收益基金 AM類 Dis 美元
IE00B3Y5VT74	PIMCO 多元化入息基金 MRetl類 Inc 美元
IE00B11XZ434	PIMCO 環球投資級別債券基金 E類 Acc 歐元 (對沖)
LU0300736062	富蘭克林天然資源基金 A類 Acc 美元
LU0098860363	富蘭克林美國股票基金 A類 Acc 美元
LU0498741114	富蘭克林黃金及貴金屬基金 A類 Acc 港元
LU0496367417	富蘭克林黃金及貴金屬基金 A類 Acc 美元
IE00B11XZB05	PIMCO 總回報債券基金 E類 Acc 歐元 (對沖)
IE00B0MD9S72	PIMCO 新興市場債券基金 E類 Inc 美元 (QDis)
IE00B1D7YM41	PIMCO 環球高孳息債券基金 E類 Acc 美元
LU0396098781	安聯中國多元入息基金 AT類 Acc 美元
LU0689472784	安聯收益及增長基金AT類 Acc 美元
LU0820561818	安聯收益及增長基金AM類 Dis 美元
LU0820561909	安聯收益及增長基金AM類 Dis 港元
LU0256839191	安聯歐洲成長基金 A類 Dis 歐元
LU0256839274	安聯歐洲成長基金 AT類 Acc 歐元
LU0706718086	安聯亞洲靈活債券基金 AM類 Dis 港元
LU0745992734	安聯亞洲靈活債券基金 AM類 Dis 美元
LU0745992494	安聯亞洲靈活債券基金 AT類 Acc 美元
LU0648948544	安聯亞洲多元入息基金 AM類 Dis 港元
LU0488056044	安聯亞洲多元入息基金 AM類 Dis 美元
LU0204485717	安聯亞太股票基金 A類 Dis 美元
LU0101244092	安聯全球股票基金AT類 Acc 美元
LU0384037296	安聯亞洲多元入息基金 AT類 Acc 美元
LU0204480833	安聯亞太股票基金 A類 Dis 歐元
LU0101257581	安聯全球股票基金 AT類 Acc 歐元
LU0561508036	安聯中國股票基金 A類 Dis 港元
LU0348827113	安聯中國股票基金 AT類 Acc 美元
LU0589944569	安聯新興亞洲股票基金AT類 Acc 港元
LU0820562030	安聯收益及增長基金AM類 Dis H2-澳元對沖
LU0820562113	安聯收益及增長基金AM類 Dis H2-加元對沖
LU0913601281	安聯收益及增長基金AM類 Dis H2-歐元對沖
LU0820562386	安聯收益及增長基金AM類 Dis H2-英鎊對沖
LU0943347566	安聯收益及增長基金AM類 Dis H2-新加坡元對沖
LU0761598746	安聯美元高收益基金 AM類 Dis 新加坡元
LU0648978533	安聯美元高收益基金 AM類 Dis 港元
LU0674994503	安聯美元高收益基金 AT類 Acc 港元
LU0971552673	安聯歐洲股息基金 AM類 Dis H2-美元(對沖)
LU0971552830	安聯歐洲股息基金 AM類 Dis H2-港元(對沖)
HK0000211927	安聯寰通收益及增長基金  AM Dis H2-人民幣 (對沖)
LU0649033221	安聯美元高收益基金 AM類 Dis H2-澳元
LU0815945547	安聯港元收益基金 AM類 Dis 港元
LU0880094791	安聯港元收益基金 AT類 Acc 港元
LU0857590862	安聯歐洲成長基金 A類 Acc 美元 (對沖)
LU0994605391	安聯收益及增長基金AM類 Dis H2-紐元對沖
LU1400636814	安聯歐洲收益及增長基金 AMg類 Dis 歐元
LU1400636731	安聯歐洲收益及增長基金 AMg類 Dis H2-澳元
LU1400636574	安聯歐洲收益及增長基金 AMg類 Dis H2-港元
LU1400636491	安聯歐洲收益及增長基金 AMg類 Dis H2-美元
LU1282649901	安聯動力亞洲高收益債券基金 AMg類 Dis 美元
LU1282650073	安聯動力亞洲高收益債券基金 AMg類 Dis 港元
LU1282650156	安聯動力亞洲高收益債券基金 AMg類 Dis H2-澳元
LU1282650404	安聯動力亞洲高收益債券基金 AMg類 Dis H2-加元
LU1282650313	安聯動力亞洲高收益債券基金 AMg類 Dis H2-英鎊
LU1282650586	安聯動力亞洲高收益債券基金 AMg類 Dis H2-新西蘭元
LU1282650669	安聯動力亞洲高收益債券基金 AMg類 Dis H2-新加坡元
LU1311290768	安聯動力亞洲高收益債券基金 AMg類 Dis H2-歐元
IE00B92ZW543	PIMCO GIS 收益基金 E類 Inc 港元
IE00B7KFL990	PIMCO GIS 收益基金 E類 Acc 美元
IE00B8K7V925	PIMCO GIS 收益基金 E類 Inc 美元
IE00BD8DFW88	PIMCO GIS 收益基金 E類 Inc 澳元對沖
IE00B84J9L26	PIMCO GIS 收益基金 E類 Acc 歐元對沖
IE00B8N0MW85	PIMCO GIS 收益基金 E類 Inc 歐元對沖
LU1720051108	安聯環球人工智能股票基金 AT Acc 港元
LU1548497426	安聯環球人工智能股票基金 AT Acc 美元
LU0820562469	安聯收益及增長基金AM類 Dis H2-人民幣對沖
LU1997245177	安聯神州A股基金 AT類 Acc 美元
KYG9317Q1047	惠理中華匯聚基金 Acc 美元
HK0000288735	惠理高息股票基金 A1類 Acc 美元
KYG9317Q1120	惠理中國大陸焦點基金 Acc 美元
KYG9317M1033	惠理中華新星基金 Acc 港元
HK0000264884	惠理價值基金 C類 Acc 美元
KYG9318Y1061	惠理臺灣基金 Acc 美元
HK0000288743	惠理高息股票基金 A2類 MDis 美元
KYG9319N1097	惠理大中華高收益債券基金 P類 Acc 美元
KYG9319N1253	惠理大中華高收益債券基金 P類 Acc 港元
KYG9319N1337	惠理大中華高收益債券基金 P類 MDis 港元
HK0000264892	惠理價值基金 C類 澳元 (對沖)
HK0000288750	惠理高息股票基金 A類 MDis 澳元 (對沖)
HK0000288818	惠理高息股票基金 A2類 MDis 人民幣 (非對沖類別)
HK0000402450	惠理亞洲總回報債券基金 A類 Acc 美元
HK0000116340	海通中華基金 Acc 港元
HK0000098423	海通中國人民幣收益基金 A類 Inc 人民幣
LU0307460666	瀚亞投資 - 中國股票基金 A類 Acc 美元
LU0211977185	瀚亞投資－大中華股票基金 A類 Acc 美元
LU0307460823	瀚亞投資－印尼股票基金 A類 Acc 美元
LU0149983909	瀚亞投資 - 美國優質債券基金 A類 Acc 美元
LU0149982760	瀚亞投資 - 美國特優級債券基金 A類 Acc 美元
LU0154355936	瀚亞投資 - 亞洲債券基金 A類 Acc 美元
LU0163747925	瀚亞投資－亞洲股票基金 A類 Acc 美元
LU0315178854	瀚亞投資－亞洲股票收入基金 A類 Acc 美元
LU0588545730	瀚亞投資－亞洲股票收入基金 ADM類 美元
LU0795476463	瀚亞投資－亞洲股票收入基金 AADM類 澳元 (對沖)
LU0315179829	瀚亞投資－亞洲當地債券基金 A類 Acc 美元
LU0795475739	瀚亞投資－亞洲當地債券基金 AADM類 澳元 (對沖)
LU0428352859	瀚亞投資－亞洲當地債券基金 ADM類 美元
LU0289051731	瀚亞投資 - 亞洲物業證券基金A類Acc美元
LU0640798830	瀚亞投資 - 中國股票基金 AH類 港元 (對沖)
LU0259732245	瀚亞投資－中印基金 A類 Acc 美元
LU0640798327	瀚亞投資－中印基金 AH類 港元(對沖)
LU0640798244	瀚亞投資－大中華股票基金 AH類 港元 (對沖)
LU0307461987	瀚亞投資－香港股票基金 A類 Acc 美元
LU0640798756	瀚亞投資－香港股票基金 AH類 港元 (對沖)
LU0307460401	瀚亞投資－印度股票基金 A類 Acc 美元
LU0149984543	瀚亞投資－美國高收益基金 A類 Acc 美元
LU0795476117	瀚亞投資－美國高收益基金 AADM類 澳元 (對沖)
LU0428352420	瀚亞投資－美國高收益基金 ADM類 美元
LU0428352776	瀚亞投資－亞洲債券基金 ADM類美元
LU0811022283	瀚亞投資－亞洲債券基金 AHDM 類港元
LU0801099465	瀚亞投資 - 亞洲高收益債券基金 A類美元
LU0756523055	瀚亞投資－亞洲高收益債券基金 ADM類美元
LU0354059684	瀚亞投資－全球通基金 A類美元
LU1522347837	瀚亞投資 - 亞洲低波幅股票基金 A類美元
LU0640798160	瀚亞投資 - 環球新興市場動力股票基金 A類 美元
LU0170899867	瀚亞投資 - 全球價值股票基金 A類 美元
IE00B8HR5X72	創凱富國債券基金 Ord類 Acc 美元
IE00BG6MV421	創凱亞太股票入息基金 Ord類 Acc 美元
IE00B7TWVK27	創凱中國股票基金 Ord類 Acc 美元
IE00B3PHBL43	創凱美國增長基金 Ord類 Acc 美元
HK0000371796	創凱香港單位信託系列 – 創凱數碼世紀基金 Ord Acc 美元
IE00BKDK1M51	創凱富國債券基金 Ord類 Inc (M) 美元
IE00B12V2T05	柏瑞環球基金 - 柏瑞歐洲新興股票基金 A類 Ret 美元
IE00B12V2W34	柏瑞環球新興市場債券基金 A類 美元
IE00B0JY6N72	柏瑞環球新興市場重點股票基金 A類
IE00B0JY6M65	柏瑞印度股票基金 A類 美元
IE00B1B80R65	柏瑞拉丁美洲股票基金 A類 美元
HK0000073939	柏瑞港元固定收益基金 港元
HK0000073368	柏瑞香港股票基金 港元
IE00B2N6FJ21	柏瑞環球策略收益基金 A類 美元
IE00B12V2V27	柏瑞亞洲﹝日本除外﹞小型公司股票基金 A類 美元
IE0034235303	柏瑞環球基金 - 柏瑞美國研究增值核心股票基金 A類 Ret 美元
IE00B0VPN609	柏瑞環球基金 - 柏瑞日本中小型公司股票基金 A類 Ret 美元
IE0034235071	柏瑞環球基金 - 柏瑞歐洲研究增值股票基金 A類 Ret 美元
IE0030412666	柏瑞環球基金 - 柏瑞歐洲小型公司股票基金 A1類 Ret 歐元
IE0003895053	柏瑞環球基金 - 柏瑞亞洲動態資產配置基金 L類 Ret 美元
IE00B3QK8V11	柏瑞環球基金 - 柏瑞環球新興市場當地貨幣債券基金 A類 Ret 美元
IE0034235188	柏瑞環球基金 - 柏瑞環球重點股票基金 A類 Ret 美元
LU0260085492	木星歐洲增長基金 L類 Acc 歐元
LU0966834136	木星歐洲增長基金 L類 Acc 美元 (對沖)
LU0260086623	木星歐洲機遇基金 L Acc 歐元
LU0365089902	木星印度精選基金 L類 Inc 美元
LU0459992896	木星動力債券基金 L類 Q Inc 歐元
LU0522255313	木星全球可換股證券基金 L類 Acc 歐元
LU0522255669	木星全球可換股證券基金 L類 Acc 美元 (對沖)
LU0459992979	木星動力債券基金 L類 QInc 美元 (對沖)
LU0992293067	木星動力債券基金 L類 Minc 美元 (對沖)
HK0000181096	大成中國靈活配置基金 A類 人民幣
HK0000181112	大成中國靈活配置基金 A類 港元
HK0000181138	大成中國靈活配置基金 A類 美元
HK0000283249	大成海外中國概念基金 A類 美元
HK0000283223	大成海外中國概念基金 A類 港元
